{"page":1,"perPage":25,"totalResults":2433,"totalPages":98,"results":[{"id":381,"title":"Animator","author":{"name":"Andy90","id":27720,"photoUrl":"\/\/leadwerksstorage.s3.us-east-2.amazonaws.com\/monthly_2023_09\/Logo.png.9807d7089a11ef9e9aa8ae108b526058.png"},"category":101},{"id":382,"title":"D-21-11 Robot","author":{"name":"Josh","id":1,"photoUrl":"\/\/leadwerksstorage.s3.us-east-2.amazonaws.com\/monthly_2025_02\/Josh_Klint.webp.f1ce2f18c3a16edf14de51bd58cc2039.webp"},"category":103},{"id":384,"title":"Ship cannon","author":{"name":"Josh","id":1,"photoUrl":"\/\/leadwerksstorage.s3.us-east-2.amazonaws.com\/monthly_2025_02\/Josh_Klint.webp.f1ce2f18c3a16edf14de51bd58cc2039.webp"},"category":103},{"id":385,"title":"Black Dragon","author":{"name":"Josh","id":1,"photoUrl":"\/\/leadwerksstorage.s3.us-east-2.amazonaws.com\/monthly_2025_02\/Josh_Klint.webp.f1ce2f18c3a16edf14de51bd58cc2039.webp"},"category":105},{"id":386,"title":"Unwrap 3D export plugins","author":{"name":"Josh","id":1,"photoUrl":"\/\/leadwerksstorage.s3.us-east-2.amazonaws.com\/monthly_2025_02\/Josh_Klint.webp.f1ce2f18c3a16edf14de51bd58cc2039.webp"},"category":104},{"id":387,"title":"Sky Box  Realism","author":{"name":"Yue","id":23564,"photoUrl":"\/\/leadwerksstorage.s3.us-east-2.amazonaws.com\/monthly_2025_02\/Yue.png.f4f1234c4999b9db6a3a0f93e6b62758.png"},"category":102},{"id":388,"title":"Vent construction kit","author":{"name":"Andy90","id":27720,"photoUrl":"\/\/leadwerksstorage.s3.us-east-2.amazonaws.com\/monthly_2023_09\/Logo.png.9807d7089a11ef9e9aa8ae108b526058.png"},"category":106},{"id":389,"title":"Blender 4.0 Addon : Mesh Collider Exporter","author":{"name":"SpiderPig","id":243,"photoUrl":"\/\/leadwerksstorage.s3.us-east-2.amazonaws.com\/monthly_2022_07\/SpiderPig_Avatar.jpg.eb54e3c036ada45b0b6d97107d65319c.jpg"},"category":104},{"id":390,"title":"Blender 4.0 Addon : MDL 3.0 Exporter","author":{"name":"SpiderPig","id":243,"photoUrl":"\/\/leadwerksstorage.s3.us-east-2.amazonaws.com\/monthly_2022_07\/SpiderPig_Avatar.jpg.eb54e3c036ada45b0b6d97107d65319c.jpg"},"category":104},{"id":391,"title":"AI Texture Generation","author":{"name":"Josh","id":1,"photoUrl":"\/\/leadwerksstorage.s3.us-east-2.amazonaws.com\/monthly_2025_02\/Josh_Klint.webp.f1ce2f18c3a16edf14de51bd58cc2039.webp"},"category":95},{"id":393,"title":"Particle Pack","author":{"name":"Josh","id":1,"photoUrl":"\/\/leadwerksstorage.s3.us-east-2.amazonaws.com\/monthly_2025_02\/Josh_Klint.webp.f1ce2f18c3a16edf14de51bd58cc2039.webp"},"category":127},{"id":394,"title":"Conveyer Belt","author":{"name":"Josh","id":1,"photoUrl":"\/\/leadwerksstorage.s3.us-east-2.amazonaws.com\/monthly_2025_02\/Josh_Klint.webp.f1ce2f18c3a16edf14de51bd58cc2039.webp"},"category":107},{"id":395,"title":"Graffiti Alley","author":{"name":"Josh","id":1,"photoUrl":"\/\/leadwerksstorage.s3.us-east-2.amazonaws.com\/monthly_2025_02\/Josh_Klint.webp.f1ce2f18c3a16edf14de51bd58cc2039.webp"},"category":111},{"id":397,"title":"Bloody Organ, Intestine or Flesh Texture","author":{"name":"Josh","id":1,"photoUrl":"\/\/leadwerksstorage.s3.us-east-2.amazonaws.com\/monthly_2025_02\/Josh_Klint.webp.f1ce2f18c3a16edf14de51bd58cc2039.webp"},"category":120},{"id":451,"title":"Visual Studio Item Template: Objects","author":{"name":"reepblue","id":12469,"photoUrl":"\/\/leadwerksstorage.s3.us-east-2.amazonaws.com\/monthly_2019_01\/profilepic.jpeg.78031c0b756c2bf68048cf8e7cab27d2.jpeg"},"category":104},{"id":452,"title":"Visual Studio Item Template: Components","author":{"name":"reepblue","id":12469,"photoUrl":"\/\/leadwerksstorage.s3.us-east-2.amazonaws.com\/monthly_2019_01\/profilepic.jpeg.78031c0b756c2bf68048cf8e7cab27d2.jpeg"},"category":104},{"id":928,"title":"Underground","author":{"name":"Josh","id":1,"photoUrl":"\/\/leadwerksstorage.s3.us-east-2.amazonaws.com\/monthly_2025_02\/Josh_Klint.webp.f1ce2f18c3a16edf14de51bd58cc2039.webp"},"category":106},{"id":981,"title":"Aerial Asphalt 01","author":{"name":"CC0 Game Assets","id":29120,"photoUrl":"\/\/leadwerksstorage.s3.us-east-2.amazonaws.com\/monthly_2024_10\/zero.xlarge.png.f5099c6adba9fe909014c7725970d0f6.png"},"category":121},{"id":982,"title":"Aerial Beach 01","author":{"name":"CC0 Game Assets","id":29120,"photoUrl":"\/\/leadwerksstorage.s3.us-east-2.amazonaws.com\/monthly_2024_10\/zero.xlarge.png.f5099c6adba9fe909014c7725970d0f6.png"},"category":122},{"id":983,"title":"Aerial Beach 02","author":{"name":"CC0 Game Assets","id":29120,"photoUrl":"\/\/leadwerksstorage.s3.us-east-2.amazonaws.com\/monthly_2024_10\/zero.xlarge.png.f5099c6adba9fe909014c7725970d0f6.png"},"category":122},{"id":984,"title":"Aerial Beach 03","author":{"name":"CC0 Game Assets","id":29120,"photoUrl":"\/\/leadwerksstorage.s3.us-east-2.amazonaws.com\/monthly_2024_10\/zero.xlarge.png.f5099c6adba9fe909014c7725970d0f6.png"},"category":122},{"id":985,"title":"Aerial Grass Rock","author":{"name":"CC0 Game Assets","id":29120,"photoUrl":"\/\/leadwerksstorage.s3.us-east-2.amazonaws.com\/monthly_2024_10\/zero.xlarge.png.f5099c6adba9fe909014c7725970d0f6.png"},"category":109},{"id":986,"title":"Aerial Ground Rock","author":{"name":"CC0 Game Assets","id":29120,"photoUrl":"\/\/leadwerksstorage.s3.us-east-2.amazonaws.com\/monthly_2024_10\/zero.xlarge.png.f5099c6adba9fe909014c7725970d0f6.png"},"category":109},{"id":987,"title":"Aerial Mud 1","author":{"name":"CC0 Game Assets","id":29120,"photoUrl":"\/\/leadwerksstorage.s3.us-east-2.amazonaws.com\/monthly_2024_10\/zero.xlarge.png.f5099c6adba9fe909014c7725970d0f6.png"},"category":125},{"id":988,"title":"Aerial Rocks 01","author":{"name":"CC0 Game Assets","id":29120,"photoUrl":"\/\/leadwerksstorage.s3.us-east-2.amazonaws.com\/monthly_2024_10\/zero.xlarge.png.f5099c6adba9fe909014c7725970d0f6.png"},"category":109}]}